{
  "total": 10000,
  "ok": 10000,
  "errors": 0,
  "latency_ms": {
    "min": 22.601200034841895,
    "mean": 251.0951276001462,
    "p50": 184.72204997669905,
    "p95": 716.262285009725,
    "p99": 1214.4196980138076,
    "max": 2321.483800013084
  },
  "status_counts": {
    "200": 10000
  }
}