{
  "total": 2000,
  "ok": 2000,
  "errors": 0,
  "latency_ms": {
    "min": 11.197299987543374,
    "mean": 251.3805741997203,
    "p50": 187.43209997774102,
    "p95": 723.7659550009994,
    "p99": 1205.6407420057803,
    "max": 1782.0140999974683
  },
  "status_counts": {
    "200": 2000
  }
}